Actual,Predicted
0.785714285714286,0.5167534
0.095238095238095,0.23195383
0.0,0.1352402
0.3,0.35654128
0.625,0.81648785
0.375,0.3295014
0.92,0.9080033
0.166666666666667,0.1440176
0.545454545454545,0.622063
0.5,0.4709311
0.571428571428571,0.54152465
0.380952380952381,0.5441727
0.04,0.061510146
0.655172413793103,0.86660737
0.454545454545455,0.5097785
0.588235294117647,0.41135687
0.65,0.62206197
0.5,0.68858814
0.647058823529412,0.52463317
0.904761904761905,0.86358386
